district,year,n_scenes_total,n_scenes_usable_70pct_clear,mean_clear_frac,ndvi_valid_obs_per_pixel,S2_NDVI_mean,S2_NDVI_std_within_field,n_s1_scenes,S1_VH_mean_dB,S1_VH_std_within_field_dB,elapsed_s
Yavatmal,2019,60,16,0.2991135319459647,10.055791996523809,0.28716414322600614,0.13173443428038178,35,-16.294551902546644,2.289534285403068,30.7
Yavatmal,2023,60,20,0.3976564336227868,13.449445635813435,0.41461687020058213,0.1955304105963765,25,-15.841262018951065,2.031761100722478,28.8
Amravati,2019,30,6,0.27824670974064486,8.299273554189616,0.21897685452067112,0.1400531260225761,17,-14.839896322689604,2.6290616068263706,21.4
Amravati,2023,30,10,0.3785399198771314,11.246353527593373,0.28849863598684566,0.1979072421944281,12,-14.606154786445908,2.5692572576348356,22.2
Chandrapur,2019,30,6,0.23276766535538623,6.955625980245793,0.33023023526900863,0.16307194124018204,26,-15.758309603570961,2.780630828714755,20.1
Chandrapur,2023,32,9,0.30753855686261916,9.889333931211533,0.35022662893645357,0.17483924321060967,13,-15.666755284620718,2.475879458570912,20.2
Wardha,2019,242,63,0.2922013362035103,66.96366276029595,0.2550362705905301,0.11987233702437984,18,-16.47390021639326,2.5358229778443966,60.1
Wardha,2023,240,79,0.32721166804805873,74.31885002456046,0.33630046742631936,0.1650551316432465,13,-15.884690271741752,2.192948467276718,125.7
